Answer,Points
การสร้างกฎความสัมพันธ์ของชุดข้อมูลเป็นการวิเคราะห์ชุดข้อมูลจาก เอ ไป บีว่ามีการรับรองมากน้อยเพียงใดโดยใช้ค่าความเชื่อมั่นในการวัดประสิทธิภาพของกฎความสัมพันธ์,5
กฎความสัมพันธ์เป็นการวิเคราห์ตะกร้าสินค้าที่มีความสัมพันธ์กัน กล่าวคือ ถ้าซื้อสินค้าในกลุ่ม LHS จะซื้อสินค้าในกลุ่ม RHS ด้วย,5
เทคนิคที่ใช้ในกระบวนการทำเหมืองข้อมูลเพื่อหาความสัมพันธ์ของข้อมูลในข้อมูลขนาดใหญ่โดยความสัมพันธ์ที่ค้นหามาได้ถูกอธิบายในรูปแบบของกฎหรือ Frequency Pattern,5
เป็นการดูความสัมพันธ์ระหว่างข้อมูลในข้อมูลที่ใหญ่ เพื่อดูว่ามีความสัมพันธ์ไหนหรือเหตุการณ์ไหนที่เกิดขึ้นบ่อย ๆ โดยความสัมพันธ์จะออกมาในรูปแบบกฎ โดยส่วนใหญ่จะนิยมใช้ Association ไปใช้เกี่ยวกับธุรกิจหรือการตลาด,5
การหาความสัมพันธ์ของชุดข้อมูลว่าภายในนั้นมีข้อมูลอะไรมีความสัมพันธ์กันบ้างโดยจะมีค่าการรองรับ และค่าความเชื่อมั่นที่จะบ่งบอกว่าคู่ความสัมพันธ์นั้นมีค่ามากเพียงใดโดยนิยมใช้ใน การจัดโปรโมชันเพื่อกระตุ้นการขายของสินค้า,5
การแสดงความสัมพันธ์ของเหตุการณ์หรือวัตถุที่เกิดขึ้นพร้อมกัน,5
เป็นการหาความสัมพันธ์ของข้อมูลตั้งแต่ 2 ชนิดขึ้นไป ส่วนใหญ่จะใช้ในการซื้อขายสินค้าว่าเมื่อลูกค้าซื้อสินค้าชิ้นที่ 1 ไปแล้วจะมีโอกาสเท่าใดที่จะซื้อสินค้าชิ้นที่ 2 ไปด้วย เพื่อใช้ในการจัดทำโปรโมชันสินค้า,5
การหาความสัมพันธ์เป็คเทคนิคหนึ่งของ Data mining โดยเราจะใช้สำหรับการหาความสัมพันธ์ของสินค้าเพื่อเราจะนำมาจัดโปรโมชันหรือจัดสินค้าให้ผู้ซื้อนั้นหยิบได้สดวกขึ้นมากนั่นเอง,5
การหาความสัมพันธ์ของตะกร้าสินค้าเพื่อใข้ในการวิเคราห์ตะกร้าสินค้าในตลาดเพื่อใช้ในการจัดโปรโมชัน,5
หนึ่งในขั้นตอนการทำเหมืองข้อมูลการทำนายหรือการคาดเดาสิ่งที่จะเกิดขึ้นเมื่อเราทำสิ่งใดสิ่งหนึ่งมามักจะทำสิ่งต่อมาตามหลัง,5
เป็นกฎการหาค่าความสัมพันธ์ของข้อมูลภายในชุดข้อมูล เป็นการนำ Association มาใช้ในการหาความสัมพันธ์ของร้านค้า,5
กฎความสัมพันธ์ที่มีการกำหนดความสัมพันธ์โดยมักใช้ในการวิเคราห์ร้านค้าเพื่อจัดสินค้าเพื่อจัดสินค้ามาใช้ในร้านและจัดโปรโมชัน,5
กฎในการหาความสัมพันธ์ของข้อมูลโดยเป็นการหาตะกร้าสินค้าระหว่างกลุ่มสินค้าโดยสามารถนำเอาข้อมูลเหล่านี้ไปใช้ในการวิเคราห์วางสินค้าจัดขายสินค้า,5
กฎความสัมพันธ์ของข้อมูลจากข้อมูลขนาดใหญ่ เพื่อหาความสัมพันธ์ของสิ่งนั้น ,5
เป็นกฎความสัมพันธ์ระหว่างข้อมูลและเป็นเครื่องมือในการวิเคราะห์ตะกร้าสินค้า เป็นการหาความสัมพันธ์ของการซื้อสินค้าต่าง ๆ ร่วมกันโดยผลลัพธ์จะแสดงในรูปแบบของกฎที่บ่งบอกถึงความเป็นไปได้ในการซื้อสินค้าร่วมกันโดยประโยชน์คือใช้สำหรับการจัดโปรโมชันได้,5
กฎความสัมพันธ์ที่ใช้สำหรับการวิเคราะห์ข้อมูลทางการตลาดและนำข้อมูลไปใช้ในการจัดทำโปรโมชันสินค้าหรือจัดเรียงสินค้าตามประเภทที่ขายดีถึงขายไม่ดี,5
เป็นการหาความสัมพันธ์ของข้อมูลโดยการที่จะหาความสัมพันธ์ของข้อมูลได้ข้อมูลจะต้องถูกจัดเป็น item set โดยหลักพื้นฐานของ Association rule คือการหาความสัมพันธ์จากความถี่ที่เกิดขึ้นของข้อมูลนั้นใน Data set ที่มี,5
การหาค่าความสัมพันธ์ของข้อมูลที่เกิดขึ้นพร้อม ๆ กันหรือบ่อย ๆ เป็นการเรียนรู้แบบ unsupervise และซึ่งไม่ต้องการข้อมูลที่มีคำตอบ,5
กฎความสัมพันธ์ของ Data mining ที่นำมาจัดข้อมูลอย่างข้อมูลร้านขายสินค้านำข้อมูลมาทำ Association เพื่อจัดทำโปรโมชันหรือโปรโมทสินค้าให้กับร้านค้า,5
เทคนิคหนึ่งในการทำ Data mining เพื่อหาความสัมพันธ์ของข้อมูลและเหตุการณ์ที่สัมพันธ์กันและใช้ในการวิเคราะห์ตลาดในการวิเคราะห์การทำธุรกรรมหรือการซื้อสินค้าของลูกค้า,5
เป็นเครื่องมือที่ใช้ในการวิเคราะห์ตลาดตะกร้าสินค้าเพื่อเป็นการจัดโปรโมชันและจัดรายการสินค้าที่มีความน่าจะเป็นในการหยิบสินค้าใส่ตะกร้าพร้อมกัน,5
การวิเคราห์ตะกร้าสินค้าเพื่อหาความสัมพันธ์ของสินค้าตั้งแต่ 2 ชนิดขึ้นไปหากมีการซื้อสินค้า A จะมีโอกาสซื้อสินค้า B ตามไปด้วย,5
กฎของความสัมพันธ์ที่หาว่าข้อมูลจาก Attribute หนึ่งกับอีก Attibute หนึ่งมีความสัมพันธ์กันโดยนิยมนำมาใช้ในการ Market basket analysis โดยเป็นการหาความสัมพันธ์ของสินค้าที่มีแนวโน้มจะซื้อด้วยกัน,5
การหาความสัมพันธ์จากข้อมูลขนาดใหญ่ที่เป็นรูปแบบข้อมูลการเกิดซ้ำ ๆ เมื่อซื้อขนมจะซื้อน้ำไปด้วย,5
การหาความสัมพันธ์ของข้อมูลจากข้อมูลขนาดใหญ่โดยหาความสัมพันธ์โดยจะอยู่ในรูปแบบของกฎ,5
กฎการหาค่าความสัมพันธ์ที่จะจัดไว้ว่าหากเราซื้อสินค้า A จะซื้อสินค้า B ด้วย ซึ่งเป็นการศึกษาหรือวิเคราห์พฤติกรรมผู้บริโภค,5
การวิเคราะห์หาความสัมพันธ์ของข้อมูลเป็นการหาความสัมพันธ์จากชุดข้อมูลโดยผลลัพธ์จะออกมาในรูปแบบที่เป็นกฎหรือเป็นความถี่,5
กฎความสัมพันธ์ที่ต้องวิเคราห์พฤติกรรมของที่เรามักจะซื้อร่วมกันหรือคู่กันถ้าเราซื้อสินค้า A ก็จะซื้อสินค้า B ตาม,5
เป็นกฎความสัมพันธ์ในการหาความสัมพันธ์ระหว่างสิ่งต่าง ๆ การคาดเดา การพยากรณ์ การซื้อของหรือไม่ซื้อหากจะซื้อของสิ่งนี้จะซื้อสิ่งนี้ตามไปด้วย,5
เป็นการหาความสัมพันธ์ของข้อมูลเพื่อหาความสัมพันธ์หรือข้อมูลที่เกิดขึ้นด้วยกันบ่อย ๆ การวิเคราะห์ตะกร้าสินค้าวิเคราะห์ชุดข้อมูลร้านขายของเพื่อหาสินค้าที่ลูกค้าซื้อคู่กันบ่อย ๆ ว่ามีอะไรบ้าง,5
เป็นกฎหาค่าความสัมพันธ์ของเหตุการณ์นั้น ๆ เช่น การเลือกซื้อสินค้าต่าง ๆถ้าซื้อโค้กก็จะซื้อน้ำแข็ง ซื้อโค้กก็จะซื้อแก้วนำมาหาค่าความเชื่อมั่น,5
กฎหาความสัมพันธ์กันของข้อมูลขนาดใหญ่โดยใช้โมเดลโดยการนำไปใช้กับ Market Basket เพื่อหาความสัมพันธ์ของสินค้าที่ลูกค้าหรือเพื่อนำไปประเมินข้อมูลและจัดโปรโมชันทางการตลาด,5
เป็นกฎความสัมพันธ์ที่หาข้อมูลจากชุดข้อมูลใหญ่โดยหาความเชื่อมโยงในการซื้อของที่เรียกว่า Basket Analysis เพื่อเอาความสัมพันธ์นั้นมาเป็น rule base ในการซื้อสินค้าเพื่อจัดโปรโมชันหรือวางสินค้าใกล้ ๆ กัน,5
การหาความสัมพันธ์ของข้อมูลซึ่งนิยมใช้กับระบบการวิเคราะห์ตลาดลูกค้า A ซื้อ ขนมปัง นม เนย ลูกค้า B ซื้อ นม ขนมปัง น้ำเปล่า แสดงให้เห็นถึงความสัมพันธ์ของขนมปังและนมทางกฎ Association rule จะแทนขนมปังเป็น LHSและจะแทนนมเป็น RHS,5
การหากฎความสัมพันธ์ค้าหาความสัมพันธ์จากชุดข้อมูลที่มีอยู่,5
กฎของการจัดกลุ่มความสัมพันธ์ของค่านั้น ๆ ที่มีความเหมือนกันให้อยู่ในหมวดหมู่หรือกลุ่มเดียวกันเพื่ออธิบายถึงความสัมพันธ์ การจัดหมวดหมู่ความสัมพันธ์ของการซื้อสินค้าจากพฤติกรรม,5
กฎความสัมพันธ์ที่ใช้อธิบายความสัมพันธ์ของการเลือก การเลือกซื้อสินค้าชนิดหนึ่งความสัมพันธ์ที่ว่าคือเมื่อซื้อสินค้าอย่างนึง จะซื้ออะไรมาเป็นคู่กันกับของที่หยิบแล้วหยิบขนมปังแล้วจะหยิบเนยหรือแยมไปด้วย,5
การค้นหาข้อมูลที่ซ่อนอยู่ในห้องข้อมูลขนาดใหญ่เพื่อหาความสัมพันธ์ของข้อมูลโดยมีการใช้กฎมากำหนดและหาค่าสนับสนุนค่าความเชื่อมั่นค่าลิฟต์การซื้อสินค้าในร้านค้าว่ามีการซื้อสินค้าใดคู่กันมากที่สุด,5